Rank,Start Date,Peak Date,Trough Date,Recovery Date,Depth (%),Duration (TD),Recovered
1,2021-10-19,2021-10-18,2022-09-29,2024-06-25,22.484634749947716,661,True
2,2015-03-04,2015-03-03,2015-08-26,2016-09-08,16.23382716009452,370,True
3,2013-05-29,2013-05-28,2013-08-07,2014-06-03,15.731021351504374,247,True
4,2018-01-30,2018-01-29,2019-02-19,2020-10-08,15.59137099375795,659,True
5,2024-09-27,2024-09-26,2024-11-05,,8.83560817494776,63,False
6,2016-09-09,2016-09-08,2017-02-15,2017-05-15,7.587758212297542,165,True
7,2021-01-21,2021-01-20,2021-01-29,2021-02-02,6.897379751487259,7,True
8,2021-02-16,2021-02-15,2021-04-20,2021-05-27,6.649165779942456,66,True
9,2014-12-01,2014-11-28,2014-12-17,2015-01-20,6.502491139783986,34,True
10,2014-09-09,2014-09-08,2014-10-16,2014-10-31,5.208036703620323,32,True
11,2015-01-30,2015-01-29,2015-02-09,2015-03-02,4.758527298284767,20,True
12,2014-07-08,2014-07-07,2014-07-14,2014-07-23,4.276275712886603,11,True
13,2017-09-19,2017-09-18,2017-09-27,2017-10-13,4.1105635267247305,17,True
14,2024-08-02,2024-08-01,2024-08-06,2024-08-27,4.071623146189152,16,True
15,2017-08-02,2017-08-01,2017-08-11,2017-09-18,3.9927290646824494,31,True
16,2017-11-06,2017-11-03,2017-12-06,2017-12-19,3.9072029717770684,31,True
17,2014-07-25,2014-07-24,2014-08-08,2014-08-18,3.346490558842145,14,True
18,2020-12-21,2020-12-18,2020-12-21,2020-12-28,3.140495257793324,4,True
19,2020-10-15,2020-10-14,2020-10-30,2020-11-05,2.745368363047055,15,True
20,2021-01-15,2021-01-14,2021-01-18,2021-01-20,2.153387411954087,3,True
21,2014-06-11,2014-06-10,2014-06-26,2014-07-02,2.1315462764855053,15,True
22,2017-06-06,2017-06-05,2017-06-28,2017-07-10,1.9002347965167883,23,True
23,2021-07-16,2021-07-15,2021-07-20,2021-08-03,1.8343187246759474,11,True
24,2021-09-28,2021-09-27,2021-10-01,2021-10-08,1.8092804587624831,8,True
25,2017-05-18,2017-05-17,2017-05-24,2017-05-26,1.734248697609113,6,True
26,2024-09-04,2024-09-03,2024-09-06,2024-09-12,1.691858240293448,6,True
27,2024-07-19,2024-07-18,2024-07-25,2024-07-26,1.5916793425124334,5,True
28,2020-11-25,2020-11-24,2020-11-25,2020-12-01,1.5070680468092217,3,True
29,2021-09-17,2021-09-16,2021-09-20,2021-09-23,1.3193772334722982,4,True
30,2020-11-19,2020-11-18,2020-11-19,2020-11-24,1.287266861341371,3,True
31,2021-07-08,2021-07-07,2021-07-09,2021-07-15,1.195558978109391,5,True
32,2021-06-16,2021-06-15,2021-07-01,2021-07-07,1.1925579343699106,15,True
33,2021-08-18,2021-08-17,2021-08-20,2021-08-24,0.9876832017210043,3,True
34,2017-07-18,2017-07-17,2017-07-18,2017-07-24,0.8955249163058491,4,True
35,2017-10-18,2017-10-17,2017-10-19,2017-10-25,0.8588677354183573,4,True
36,2017-12-27,2017-12-26,2018-01-02,2018-01-05,0.8479305387409428,6,True
37,2014-11-25,2014-11-24,2014-11-25,2014-11-28,0.7860445382497864,3,True
38,2021-06-08,2021-06-07,2021-06-09,2021-06-11,0.7383402904829525,3,True
39,2014-11-18,2014-11-17,2014-11-19,2014-11-21,0.5746842844646034,3,True
40,2024-07-10,2024-07-09,2024-07-11,2024-07-12,0.47987985097761715,2,True
41,2020-11-12,2020-11-11,2020-11-12,2020-11-17,0.4576821525331554,2,True
42,2021-01-06,2021-01-05,2021-01-07,2021-01-08,0.43769421898658123,2,True
43,2018-01-16,2018-01-15,2018-01-16,2018-01-17,0.38262271387564045,1,True
44,2020-12-10,2020-12-09,2020-12-10,2020-12-14,0.37548548058807757,2,True
45,2021-08-06,2021-08-05,2021-08-06,2021-08-12,0.3461233501561579,4,True
46,2014-09-04,2014-09-03,2014-09-05,2014-09-08,0.3419761869474808,2,True
47,2021-09-01,2021-08-31,2021-09-01,2021-09-02,0.3265734774363799,1,True
48,2014-11-13,2014-11-12,2014-11-13,2014-11-14,0.3035820727569662,1,True
49,2014-08-20,2014-08-19,2014-08-20,2014-08-22,0.2811040875276815,2,True
50,2017-10-31,2017-10-30,2017-10-31,2017-11-01,0.27355791510630995,1,True
51,2017-12-20,2017-12-19,2017-12-21,2017-12-22,0.21886602757787813,2,True
52,2017-10-27,2017-10-26,2017-10-27,2017-10-30,0.20060326371161638,1,True
53,2014-06-04,2014-06-03,2014-06-04,2014-06-05,0.183392294573877,1,True
54,2024-09-18,2024-09-17,2024-09-18,2024-09-20,0.16129951842196344,2,True
55,2017-11-02,2017-11-01,2017-11-02,2017-11-03,0.1599558959101522,1,True
56,2018-01-25,2018-01-24,2018-01-25,2018-01-29,0.14747978869746206,1,True
57,2024-06-28,2024-06-27,2024-06-28,2024-07-01,0.14099020825968925,1,True
58,2021-09-07,2021-09-06,2021-09-08,2021-09-14,0.139838070167215,4,True
59,2014-07-03,2014-07-02,2014-07-03,2014-07-04,0.13397924683777945,1,True
60,2021-06-04,2021-06-03,2021-06-04,2021-06-07,0.12810173052479684,1,True
61,2024-09-13,2024-09-12,2024-09-13,2024-09-17,0.1276163604035556,2,True
62,2014-08-25,2014-08-22,2014-08-26,2014-08-27,0.1067860676329891,2,True
63,2017-05-31,2017-05-30,2017-06-01,2017-06-02,0.08779834365222307,2,True
64,2024-07-02,2024-07-01,2024-07-02,2024-07-03,0.07497161563467011,1,True
65,2021-02-12,2021-02-11,2021-02-12,2021-02-15,0.06590524229219573,1,True
66,2021-02-09,2021-02-08,2021-02-10,2021-02-11,0.06152373547985802,2,True
67,2017-07-27,2017-07-26,2017-07-28,2017-07-31,0.061377160017002136,2,True
68,2017-07-14,2017-07-13,2017-07-14,2017-07-17,0.054091671116729294,1,True
69,2021-06-01,2021-05-31,2021-06-01,2021-06-03,0.05101904286871793,2,True
70,2018-01-10,2018-01-09,2018-01-10,2018-01-11,0.04512366915015419,1,True
71,2017-07-25,2017-07-24,2017-07-25,2017-07-26,0.01856824796283516,1,True
72,2014-11-07,2014-11-05,2014-11-07,2014-11-10,0.015588365949251391,1,True
73,2024-07-08,2024-07-05,2024-07-08,2024-07-09,0.013562113637339005,1,True
74,2020-12-31,2020-12-30,2020-12-31,2021-01-01,0.0014318125132971346,1,True
